	chr	start	end	count_unique	count_total	non_unique	result	oddsratio	pvalue	qValue
chr1:1290000:1300000	chr1	1290000	1300000	12	256	244	(5.59446673145837, 3.4618605316174725e-06)	5.59446673145837	3.4618605316174725e-06	0.00038377961576583616
chr1:1630000:1640000	chr1	1630000	1640000	15	124	109	(15.654241771511952, 4.184722385874739e-13)	15.654241771511952	4.184722385874739e-13	5.94169930643693e-11
chr1:1640000:1650000	chr1	1640000	1650000	9	36	27	(37.91805229099562, 2.2143703353952225e-11)	37.91805229099562	2.2143703353952225e-11	2.9119712987740933e-09
chr1:1700000:1710000	chr1	1700000	1710000	30	134	104	(32.81369909797698, 5.0588388225084584e-33)	32.81369909797698	5.0588388225084584e-33	1.2162317532298251e-30
chr1:1710000:1720000	chr1	1710000	1720000	9	32	23	(44.51249616769051, 6.808284385828517e-12)	44.51249616769051	6.808284385828517e-12	9.137090702460544e-10
chr1:12790000:12800000	chr1	12790000	12800000	48	102	54	(101.11480610932165, 3.154570117649336e-70)	101.11480610932165	3.154570117649336e-70	2.1687946275516175e-67
chr1:12820000:12830000	chr1	12820000	12830000	13	45	32	(46.21262622965091, 9.47992692847545e-17)	46.21262622965091	9.47992692847545e-17	1.44552286565407e-14
chr1:12840000:12850000	chr1	12840000	12850000	22	49	27	(92.68857226687818, 1.9615599272042652e-32)	92.68857226687818	1.9615599272042652e-32	4.630699423330166e-30
chr1:12850000:12860000	chr1	12850000	12860000	11	46	35	(35.75130644579587, 2.2299022897184993e-13)	35.75130644579587	2.2299022897184993e-13	3.200930803277969e-11
chr1:12860000:12870000	chr1	12860000	12870000	25	72	47	(60.507530251588754, 3.3849770197927436e-33)	60.507530251588754	3.3849770197927436e-33	8.188301200718398e-31
chr1:12870000:12880000	chr1	12870000	12880000	17	36	19	(101.78003509688297, 7.173929212790252e-26)	101.78003509688297	7.173929212790252e-26	1.371375307272314e-23
chr1:12880000:12890000	chr1	12880000	12890000	8	22	14	(65.00237535599248, 9.566491123640568e-12)	65.00237535599248	9.566491123640568e-12	1.2751416807932878e-09
chr1:12890000:12900000	chr1	12890000	12900000	70	79	9	(884.7545534565644, 1.544142735480213e-133)	884.7545534565644	1.544142735480213e-133	3.5595215010587404e-130
chr1:12920000:12930000	chr1	12920000	12930000	12	18	6	(227.5083137459737, 3.414334977758068e-21)	227.5083137459737	3.414334977758068e-21	5.71798970548646e-19
chr1:12930000:12940000	chr1	12930000	12940000	21	21	0	(inf, 5.669111781706095e-44)	inf	5.669111781706095e-44	1.9487820394868285e-41
chr1:13000000:13010000	chr1	13000000	13010000	16	17	1	(1820.0665099677897, 1.8865431738898157e-32)	1820.0665099677897	1.8865431738898157e-32	4.480597205963279e-30
chr1:13050000:13060000	chr1	13050000	13060000	27	30	3	(1023.7874118568817, 9.952055841609363e-53)	1023.7874118568817	9.952055841609363e-53	4.642871003821283e-50
chr1:13110000:13120000	chr1	13110000	13120000	10	46	36	(31.598376909163015, 7.768313314284477e-12)	31.598376909163015	7.768313314284477e-12	1.0389920210245054e-09
chr1:13170000:13180000	chr1	13170000	13180000	16	15	0	(inf, 1.118921779949154e-33)	inf	1.118921779949154e-33	2.723497311344562e-31
chr1:13220000:13230000	chr1	13220000	13230000	47	47	0	(inf, 1.7104110564304028e-97)	inf	1.7104110564304028e-97	2.0311390448301403e-94
chr1:13280000:13290000	chr1	13280000	13290000	49	50	1	(5573.953686776356, 6.492625493395696e-100)	5573.953686776356	6.492625493395696e-100	8.207516381780339e-97
chr1:13310000:13320000	chr1	13310000	13320000	29	29	0	(inf, 1.9186886599772253e-60)	inf	1.9186886599772253e-60	1.0590080451716551e-57
chr1:13320000:13330000	chr1	13320000	13330000	22	22	0	(inf, 4.94960244153802e-46)	inf	4.94960244153802e-46	1.7633183679908356e-43
chr1:13340000:13350000	chr1	13340000	13350000	54	73	19	(323.30128795480476, 9.093658121245991e-95)	323.30128795480476	9.093658121245991e-95	1.0481243366334939e-91
chr1:13360000:13370000	chr1	13360000	13370000	30	30	0	(inf, 1.6763277866101908e-62)	inf	1.6763277866101908e-62	9.520570043721762e-60
chr1:13370000:13380000	chr1	13370000	13380000	53	53	0	(inf, 7.688128654565085e-110)	inf	7.688128654565085e-110	1.1587784065965252e-106
chr1:13380000:13390000	chr1	13380000	13390000	14	14	0	(inf, 1.4695201670168848e-29)	inf	1.4695201670168848e-29	3.079548465511106e-27
chr1:13390000:13400000	chr1	13390000	13400000	31	56	25	(141.0551545225037, 6.601770603353668e-49)	141.0551545225037	6.601770603353668e-49	2.587101864042235e-46
chr1:13410000:13420000	chr1	13410000	13420000	23	30	7	(373.7636582969568, 8.295671849919854e-42)	373.7636582969568	8.295671849919854e-42	2.6867007310302415e-39
chr1:13420000:13430000	chr1	13420000	13430000	20	20	0	(inf, 6.493773455020528e-42)	inf	6.493773455020528e-42	2.1206499512945374e-39
chr1:16570000:16580000	chr1	16570000	16580000	23	49	26	(100.62867723379607, 2.026661564639139e-34)	100.62867723379607	2.026661564639139e-34	5.157195675005102e-32
chr1:16580000:16590000	chr1	16580000	16590000	7	88	81	(9.830606149517383, 1.309963846228571e-05)	9.830606149517383	1.309963846228571e-05	0.00140259189087446
chr1:16590000:16600000	chr1	16590000	16600000	10	11	1	(1137.5415687298685, 2.768927413327017e-20)	1137.5415687298685	2.768927413327017e-20	4.597827435316066e-18
chr1:23960000:23970000	chr1	23960000	23970000	59	59	0	(inf, 3.466439983530585e-122)	inf	3.466439983530585e-122	6.774476076254914e-119
chr1:23970000:23980000	chr1	23970000	23980000	22	22	0	(inf, 4.94960244153802e-46)	inf	4.94960244153802e-46	1.7633183679908356e-43
chr1:120810000:120820000	chr1	120810000	120820000	16	16	0	(inf, 1.118921779949154e-33)	inf	1.118921779949154e-33	2.723497311344562e-31
chr1:120820000:120830000	chr1	120820000	120830000	15	15	0	(inf, 1.2822388317878286e-31)	inf	1.2822388317878286e-31	2.8550213261421266e-29
chr1:120830000:120840000	chr1	120830000	120840000	14	14	0	(inf, 1.4695201670168848e-29)	inf	1.4695201670168848e-29	3.079548465511106e-27
chr1:120840000:120850000	chr1	120840000	120850000	12	23	11	(124.0954438614402, 2.388282216582931e-19)	124.0954438614402	2.388282216582931e-19	3.899666812643829e-17
chr1:120880000:120890000	chr1	120880000	120890000	18	18	0	(inf, 8.522629257459566e-38)	inf	8.522629257459566e-38	2.2875670913789414e-35
chr1:120890000:120900000	chr1	120890000	120900000	18	18	0	(inf, 8.522629257459566e-38)	inf	8.522629257459566e-38	2.2875670913789414e-35
chr1:143870000:143880000	chr1	143870000	143880000	18	18	0	(inf, 8.522629257459566e-38)	inf	8.522629257459566e-38	2.2875670913789414e-35
chr1:143880000:143890000	chr1	143880000	143890000	24	24	0	(inf, 3.773923698904169e-50)	inf	3.773923698904169e-50	1.5405471032568395e-47
chr1:143970000:143980000	chr1	143970000	143980000	23	23	0	(inf, 4.321783573780402e-48)	inf	4.321783573780402e-48	1.5828229410215552e-45
chr1:144420000:144430000	chr1	144420000	144430000	24	42	18	(151.67220916398247, 1.147144307726028e-38)	151.67220916398247	1.147144307726028e-38	3.3054625831740876e-36
chr1:144430000:144440000	chr1	144430000	144440000	23	37	14	(186.8818291484784, 2.3464254570056622e-38)	186.8818291484784	2.3464254570056622e-38	6.66316817457521e-36
chr1:145240000:145250000	chr1	145240000	145250000	35	36	1	(3981.3954905545397, 3.0499139335899926e-71)	3981.3954905545397	3.0499139335899926e-71	2.173091404173175e-68
chr1:145290000:145300000	chr1	145290000	145300000	31	34	3	(1175.4596210208642, 8.544098203613654e-61)	1175.4596210208642	8.544098203613654e-61	4.7832302914744555e-58
chr1:145570000:145580000	chr1	145570000	145580000	24	24	0	(inf, 3.773923698904169e-50)	inf	3.773923698904169e-50	1.5405471032568395e-47
chr1:145580000:145590000	chr1	145580000	145590000	43	43	0	(inf, 2.9198921025550263e-89)	inf	2.9198921025550263e-89	2.860618292873159e-86
chr1:146060000:146070000	chr1	146060000	146070000	18	19	1	(2047.5748237137634, 1.6059092902214826e-36)	2047.5748237137634	1.6059092902214826e-36	4.1954915510132975e-34
chr1:146120000:146130000	chr1	146120000	146130000	12	31	19	(71.84473065662327, 2.336695383051838e-17)	71.84473065662327	2.336695383051838e-17	3.633746772660136e-15
chr1:146130000:146140000	chr1	146130000	146140000	24	25	1	(2730.0997649516844, 9.355710061400047e-49)	2730.0997649516844	9.355710061400047e-49	3.630015503823218e-46
chr1:146160000:146170000	chr1	146160000	146170000	15	15	0	(inf, 1.2822388317878286e-31)	inf	1.2822388317878286e-31	2.8550213261421266e-29
chr1:146990000:147000000	chr1	146990000	147000000	22	25	3	(834.1971504019036, 1.1101228205879496e-42)	834.1971504019036	1.1101228205879496e-42	3.6557557221176945e-40
chr1:147240000:147250000	chr1	147240000	147250000	4	17	13	(35.00127903784211, 1.2543933186388022e-05)	35.00127903784211	1.2543933186388022e-05	0.0013467716539949967
chr1:147960000:147970000	chr1	147960000	147970000	11	11	0	(inf, 2.21319675498007e-23)	inf	2.21319675498007e-23	3.854700197073733e-21
chr1:147980000:147990000	chr1	147980000	147990000	12	12	0	(inf, 1.9306391022026273e-25)	inf	1.9306391022026273e-25	3.5520133867190874e-23
chr1:148100000:148110000	chr1	148100000	148110000	18	39	21	(97.50356303398873, 4.4643894980689724e-27)	97.50356303398873	4.4643894980689724e-27	8.791482193483763e-25
chr1:148110000:148120000	chr1	148110000	148120000	37	37	0	(inf, 6.529597176857757e-77)	inf	6.529597176857757e-77	4.920804887821188e-74
chr1:148120000:148130000	chr1	148120000	148130000	74	74	0	(inf, 4.796360970195619e-153)	inf	4.796360970195619e-153	2.0884421522225104e-149
chr1:148140000:148150000	chr1	148140000	148150000	32	32	0	(inf, 1.2799115084423934e-66)	inf	1.2799115084423934e-66	7.83705815513133e-64
chr1:148480000:148490000	chr1	148480000	148490000	26	27	1	(2957.608078697658, 7.706566461354055e-53)	2957.608078697658	7.706566461354055e-53	3.6386135721390687e-50
chr1:148550000:148560000	chr1	148550000	148560000	15	15	0	(inf, 1.2822388317878286e-31)	inf	1.2822388317878286e-31	2.8550213261421266e-29
chr1:148930000:148940000	chr1	148930000	148940000	23	27	4	(654.0864020196744, 7.334014437997756e-44)	654.0864020196744	7.334014437997756e-44	2.4991770243152703e-41
chr1:148950000:148960000	chr1	148950000	148960000	14	20	6	(265.42636603696934, 5.423172812956897e-25)	265.42636603696934	5.423172812956897e-25	9.884804474146739e-23
chr1:148960000:148970000	chr1	148960000	148970000	27	36	9	(341.26247061896055, 2.1934878215976666e-48)	341.26247061896055	2.1934878215976666e-48	8.345475801239745e-46
chr1:148990000:149000000	chr1	148990000	149000000	13	15	2	(739.4020196744145, 1.7399766823341585e-25)	739.4020196744145	1.7399766823341585e-25	3.294019624507778e-23
chr1:149000000:149010000	chr1	149000000	149010000	27	41	14	(219.38301682647466, 7.870774546891e-46)	219.38301682647466	7.870774546891e-46	2.778737954446527e-43
chr1:149010000:149020000	chr1	149010000	149020000	16	27	11	(165.4605918152536, 1.3323310845513042e-26)	165.4605918152536	1.3323310845513042e-26	2.5975816189749506e-24
chr1:149020000:149030000	chr1	149020000	149030000	44	50	6	(834.1971504019036, 3.854807295358427e-84)	834.1971504019036	3.854807295358427e-84	3.2140891125639585e-81
chr1:149030000:149040000	chr1	149030000	149040000	18	22	4	(511.89370592844085, 6.030644132878883e-34)	511.89370592844085	6.030644132878883e-34	1.514928732559344e-31
chr1:149050000:149060000	chr1	149050000	149060000	34	37	3	(1289.213777893851, 7.403919501008388e-67)	1289.213777893851	7.403919501008388e-67	4.605472974690741e-64
chr1:149060000:149070000	chr1	149060000	149070000	31	54	23	(153.3208201331562, 1.3081077341498334e-49)	153.3208201331562	1.3081077341498334e-49	5.284755245965327e-47
chr1:149070000:149080000	chr1	149070000	149080000	69	80	11	(713.5488022032812, 8.81266293579989e-130)	713.5488022032812	8.81266293579989e-130	1.9186146396007005e-126
chr1:149470000:149480000	chr1	149470000	149480000	16	16	0	(inf, 1.118921779949154e-33)	inf	1.118921779949154e-33	2.723497311344562e-31
chr1:149480000:149490000	chr1	149480000	149490000	42	41	0	(inf, 3.338310360955324e-87)	inf	3.338310360955324e-87	3.1148025339313626e-84
chr1:149580000:149590000	chr1	149580000	149590000	24	24	0	(inf, 3.773923698904169e-50)	inf	3.773923698904169e-50	1.5405471032568395e-47
chr1:206200000:206210000	chr1	206200000	206210000	8	20	12	(75.83610458199124, 3.8276591438510275e-12)	75.83610458199124	3.8276591438510275e-12	5.190252821080764e-10
chr1:206390000:206400000	chr1	206390000	206400000	10	14	4	(284.3853921824671, 2.46026478213384e-18)	284.3853921824671	2.46026478213384e-18	3.9033545053546934e-16
chr1:240200000:240210000	chr1	240200000	240210000	9	130	121	(8.46105299055274, 2.480308567814466e-06)	8.46105299055274	2.480308567814466e-06	0.00027770952044432366
chr2:89040000:89050000	chr2	89040000	89050000	17	28	11	(175.80187880370696, 1.9144680266432162e-28)	175.80187880370696	1.9144680266432162e-28	3.9695329644494366e-26
chr2:89080000:89090000	chr2	89080000	89090000	8	27	19	(47.89648710441552, 6.388672257928135e-11)	47.89648710441552	6.388672257928135e-11	8.29004266369827e-09
chr2:89110000:89120000	chr2	89110000	89120000	7	27	20	(39.8139549055454, 2.915053545147714e-09)	39.8139549055454	2.915053545147714e-09	3.615035390102804e-07
chr2:90110000:90120000	chr2	90110000	90120000	4	26	22	(20.6825739769067, 7.400829301310999e-05)	20.6825739769067	7.400829301310999e-05	0.0075922434204129694
chr2:90210000:90220000	chr2	90210000	90220000	4	26	22	(20.6825739769067, 7.400829301310999e-05)	20.6825739769067	7.400829301310999e-05	0.0075922434204129694
chr2:90220000:90230000	chr2	90220000	90230000	4	24	20	(22.75083137459737, 5.333974477639603e-05)	22.75083137459737	5.333974477639603e-05	0.005559249782705872
chr2:90230000:90240000	chr2	90230000	90240000	11	11	0	(inf, 2.21319675498007e-23)	inf	2.21319675498007e-23	3.854700197073733e-21
chr3:75660000:75670000	chr3	75660000	75670000	62	62	0	(inf, 2.330336151213008e-128)	inf	2.330336151213008e-128	4.806379636512388e-125
chr3:75730000:75740000	chr3	75730000	75740000	85	85	0	(inf, 1.1384771805107214e-175)	inf	1.1384771805107214e-175	6.37352053569345e-172
chr3:75740000:75750000	chr3	75740000	75750000	12	12	0	(inf, 1.9306391022026273e-25)	inf	1.9306391022026273e-25	3.5520133867190874e-23
chr3:130080000:130090000	chr3	130080000	130090000	14	15	1	(1592.558196221816, 2.186328905224342e-28)	1592.558196221816	2.186328905224342e-28	4.485751682614216e-26
chr3:195720000:195730000	chr3	195720000	195730000	17	119	102	(18.95902614549781, 6.850655034516827e-16)	18.95902614549781	6.850655034516827e-16	1.028595668554197e-13
chr3:195770000:195780000	chr3	195770000	195780000	70	95	25	(318.5116392443632, 3.630294927053006e-122)	318.5116392443632	3.630294927053006e-122	6.774476076254914e-119
chr3:195780000:195790000	chr3	195780000	195790000	776	905	129	(684.2885715770373, 0.0)	684.2885715770373	0.0	0.0
chr3:198160000:198170000	chr3	198160000	198170000	9	30	21	(48.75178151699436, 3.5278448377966384e-12)	48.75178151699436	3.5278448377966384e-12	4.817044721378909e-10
chr4:80000:90000	chr4	80000	90000	6	47	41	(16.646949786290758, 3.466826170794784e-06)	16.646949786290758	3.466826170794784e-06	0.00038377961576583616
chr4:3470000:3480000	chr4	3470000	3480000	16	47	31	(58.71182290218676, 1.302676927323465e-21)	58.71182290218676	1.302676927323465e-21	2.200401009825515e-19
chr4:74440000:74450000	chr4	74440000	74450000	15	35	20	(85.31561765474014, 3.533858404060085e-22)	85.31561765474014	3.533858404060085e-22	6.04737306280815e-20
chr4:74450000:74460000	chr4	74450000	74460000	18	18	0	(inf, 8.522629257459566e-38)	inf	8.522629257459566e-38	2.2875670913789414e-35
chr4:189980000:189990000	chr4	189980000	189990000	33	133	100	(37.53887176808566, 8.760411510648106e-38)	37.53887176808566	8.760411510648106e-38	2.335394600539306e-35
chr4:190020000:190030000	chr4	190020000	190030000	30	36	6	(568.7707843649342, 3.102949427873167e-56)	568.7707843649342	3.102949427873167e-56	1.5791997685648527e-53
chr5:139450000:139460000	chr5	139450000	139460000	4	11	7	(65.00237535599248, 1.8136638964868216e-06)	65.00237535599248	1.8136638964868216e-06	0.00020423523211357924
chr5:141180000:141190000	chr5	141180000	141190000	17	220	203	(9.526210181481657, 1.8058230029976282e-11)	9.526210181481657	1.8058230029976282e-11	2.3907632378875355e-09
chr5:141190000:141200000	chr5	141190000	141200000	10	96	86	(13.227227543370564, 1.4461651852666901e-08)	13.227227543370564	1.4461651852666901e-08	1.7545610303477104e-06
chr6:29940000:29950000	chr6	29940000	29950000	35	57	22	(180.97252229793364, 2.4711341342674594e-57)	180.97252229793364	2.4711341342674594e-57	1.2911840593823094e-54
chr6:30980000:30990000	chr6	30980000	30990000	44	117	73	(68.56414934810167, 4.558376244229928e-59)	68.56414934810167	4.558376244229928e-59	2.481022892484478e-56
chr6:31260000:31270000	chr6	31260000	31270000	8	24	16	(56.87707843649343, 2.1663603177944436e-11)	56.87707843649343	2.1663603177944436e-11	2.8584285566912004e-09
chr6:31270000:31280000	chr6	31270000	31280000	19	23	4	(540.3322451466876, 6.371467377327813e-36)	540.3322451466876	6.371467377327813e-36	1.6535434674352473e-33
chr6:31350000:31360000	chr6	31350000	31360000	31	55	24	(146.93245262760803, 2.9723754785854047e-49)	146.93245262760803	2.9723754785854047e-49	1.1885862270898453e-46
chr6:32510000:32520000	chr6	32510000	32520000	12	12	0	(inf, 1.9306391022026273e-25)	inf	1.9306391022026273e-25	3.5520133867190874e-23
chr6:32530000:32540000	chr6	32530000	32540000	19	21	2	(1080.6644902933751, 1.5363951050751926e-37)	1080.6644902933751	1.5363951050751926e-37	4.0681250930869356e-35
chr6:32580000:32590000	chr6	32580000	32590000	77	91	14	(625.6478628014277, 3.0611929940960453e-143)	625.6478628014277	3.0611929940960453e-143	9.227848542510448e-140
chr6:32640000:32650000	chr6	32640000	32650000	7	13	6	(132.71318301848467, 6.269525695460192e-12)	132.71318301848467	6.269525695460192e-12	8.442961269886393e-10
chr6:32660000:32670000	chr6	32660000	32670000	25	37	12	(236.98782681872262, 5.517816269617264e-43)	236.98782681872262	5.517816269617264e-43	1.848138324562063e-40
chr6:32740000:32750000	chr6	32740000	32750000	13	42	29	(50.99324273616652, 3.395384270751096e-17)	50.99324273616652	3.395384270751096e-17	5.259222087043239e-15
chr6:32750000:32760000	chr6	32750000	32760000	7	35	28	(28.438539218246714, 2.0765695737830132e-08)	28.438539218246714	2.0765695737830132e-08	2.488581298391704e-06
chr6:33080000:33090000	chr6	33080000	33090000	7	98	91	(8.750319759460528, 2.6464619573273453e-05)	8.750319759460528	2.6464619573273453e-05	0.0028029608428038924
chr7:72940000:72950000	chr7	72940000	72950000	38	197	159	(27.18652805769497, 9.517413627502843e-39)	27.18652805769497	9.517413627502843e-39	2.7627289276635657e-36
chr7:72960000:72970000	chr7	72960000	72970000	4	13	9	(50.557403054660824, 3.875103030092722e-06)	50.557403054660824	3.875103030092722e-06	0.0004253712536226151
chr7:72990000:73000000	chr7	72990000	73000000	12	15	3	(455.0166274919474, 8.573900681881696e-23)	455.0166274919474	8.573900681881696e-23	1.4866992031928312e-20
chr7:74740000:74750000	chr7	74740000	74750000	7	13	6	(132.71318301848467, 6.269525695460192e-12)	132.71318301848467	6.269525695460192e-12	8.442961269886393e-10
chr7:74770000:74780000	chr7	74770000	74780000	7	25	18	(44.23772767282822, 1.6022514042249883e-09)	44.23772767282822	1.6022514042249883e-09	1.993302477103773e-07
chr7:74780000:74790000	chr7	74780000	74790000	7	31	24	(33.17829575462117, 8.372096629695584e-09)	33.17829575462117	8.372096629695584e-09	1.0220739025685687e-06
chr7:74790000:74800000	chr7	74790000	74800000	5	29	24	(23.698782681872263, 5.0182339541276544e-06)	23.698782681872263	5.0182339541276544e-06	0.0005462626449843182
chr7:74830000:74840000	chr7	74830000	74840000	8	12	4	(227.5083137459737, 1.6006247010087764e-14)	227.5083137459737	1.6006247010087764e-14	2.3317948246517445e-12
chr7:74880000:74890000	chr7	74880000	74890000	4	26	22	(20.6825739769067, 7.400829301310999e-05)	20.6825739769067	7.400829301310999e-05	0.0075922434204129694
chr7:75010000:75020000	chr7	75010000	75020000	15	15	0	(inf, 1.2822388317878286e-31)	inf	1.2822388317878286e-31	2.8550213261421266e-29
chr7:75020000:75030000	chr7	75020000	75030000	18	18	0	(inf, 8.522629257459566e-38)	inf	8.522629257459566e-38	2.2875670913789414e-35
chr7:75050000:75060000	chr7	75050000	75060000	22	29	7	(357.5130644579587, 7.28477673427146e-40)	357.5130644579587	7.28477673427146e-40	2.2084919805867957e-37
chr7:75060000:75070000	chr7	75060000	75070000	12	25	13	(105.00383711352633, 9.038435267764495e-19)	105.00383711352633	9.038435267764495e-19	1.4516319724309632e-16
chr7:75130000:75140000	chr7	75130000	75140000	4	17	13	(35.00127903784211, 1.2543933186388022e-05)	35.00127903784211	1.2543933186388022e-05	0.0013467716539949967
chr7:75140000:75150000	chr7	75140000	75150000	9	37	28	(36.563836137745774, 2.9032139293160024e-11)	36.563836137745774	2.9032139293160024e-11	3.805055099064732e-09
chr7:75150000:75160000	chr7	75150000	75160000	13	29	16	(92.42525245930182, 1.0035793116995596e-19)	92.42525245930182	1.0035793116995596e-19	1.6524481540706866e-17
chr7:75390000:75400000	chr7	75390000	75400000	14	28	14	(113.75415687298685, 5.2576716363644815e-22)	113.75415687298685	5.2576716363644815e-22	8.919378185534688e-20
chr7:75400000:75410000	chr7	75400000	75410000	4	26	22	(20.6825739769067, 7.400829301310999e-05)	20.6825739769067	7.400829301310999e-05	0.0075922434204129694
chr7:75420000:75430000	chr7	75420000	75430000	35	117	82	(48.553603543348046, 3.430547724166593e-43)	48.553603543348046	3.430547724166593e-43	1.1589336570227625e-40
chr7:75500000:75510000	chr7	75500000	75510000	7	37	30	(26.542636603696934, 3.1311384251986834e-08)	26.542636603696934	3.1311384251986834e-08	3.7409467258135976e-06
chr7:102280000:102290000	chr7	102280000	102290000	5	45	40	(14.219269609123357, 4.59787313655198e-05)	14.219269609123357	4.59787313655198e-05	0.004804838732671973
chr7:152240000:152250000	chr7	152240000	152250000	6	26	20	(34.12624706189606, 8.695122473105185e-08)	34.12624706189606	8.695122473105185e-08	1.0201929924432513e-05
chr8:2070000:2080000	chr8	2070000	2080000	10	64	54	(21.065584606108676, 2.502347911817432e-10)	21.065584606108676	2.502347911817432e-10	3.2046408486373054e-08
chr8:2080000:2090000	chr8	2080000	2090000	10	54	44	(25.853217471133377, 4.279827132724837e-11)	25.853217471133377	4.279827132724837e-11	5.572022115522289e-09
chr8:12180000:12190000	chr8	12180000	12190000	29	76	47	(70.18873509184296, 1.062042659159702e-39)	70.18873509184296	1.062042659159702e-39	3.1292727614398795e-37
chr8:21780000:21790000	chr8	21780000	21790000	14	14	0	(inf, 1.4695201670168848e-29)	inf	1.4695201670168848e-29	3.079548465511106e-27
chr8:47290000:47300000	chr8	47290000	47300000	14	14	0	(inf, 1.4695201670168848e-29)	inf	1.4695201670168848e-29	3.079548465511106e-27
chr8:144130000:144140000	chr8	144130000	144140000	28	32	4	(796.279098110908, 7.634707519092001e-54)	796.279098110908	7.634707519092001e-54	3.739861478227216e-51
chr8:144230000:144240000	chr8	144230000	144240000	38	38	0	(inf, 5.708733344793923e-79)	inf	5.708733344793923e-79	4.386545927760475e-76
chr8:144240000:144250000	chr8	144240000	144250000	96	96	0	(inf, 2.7304727329467807e-198)	inf	2.7304727329467807e-198	2.675044136467961e-194
chr8:144250000:144260000	chr8	144250000	144260000	71	71	0	(inf, 7.11271904911251e-147)	inf	7.11271904911251e-147	2.3227769508051755e-143
chr8:144260000:144270000	chr8	144260000	144270000	173	173	0	(inf, 0.0)	inf	0.0	0.0
chr8:144390000:144400000	chr8	144390000	144400000	11	252	241	(5.192098446484877, 1.694828580226356e-05)	5.192098446484877	1.694828580226356e-05	0.0018097259510057339
chr8:144400000:144410000	chr8	144400000	144410000	10	62	52	(21.875799398651317, 1.8046233497600835e-10)	21.875799398651317	1.8046233497600835e-10	2.3339795323563747e-08
chr9:10000:20000	chr9	10000	20000	7	64	57	(13.96980873878786, 1.5380595143261657e-06)	13.96980873878786	1.5380595143261657e-06	0.00017420079840293
chr9:39350000:39360000	chr9	39350000	39360000	24	37	13	(210.00767422705266, 1.2050784167229064e-40)	210.00767422705266	1.2050784167229064e-40	3.747985158296607e-38
chr9:39360000:39370000	chr9	39360000	39370000	27	35	8	(383.92027944633065, 5.530298918645994e-49)	383.92027944633065	5.530298918645994e-49	2.189104586099992e-46
chr9:39440000:39450000	chr9	39440000	39450000	69	69	0	(inf, 9.253465285993083e-143)	inf	9.253465285993083e-143	2.5901771259106923e-139
chr9:41120000:41130000	chr9	41120000	41130000	41	41	0	(inf, 3.817015772401578e-85)	inf	3.817015772401578e-85	3.251765523671153e-82
chr9:41180000:41190000	chr9	41180000	41190000	15	15	0	(inf, 1.2822388317878286e-31)	inf	1.2822388317878286e-31	2.8550213261421266e-29
chr9:41640000:41650000	chr9	41640000	41650000	55	55	0	(inf, 5.8933080902595146e-114)	inf	5.8933080902595146e-114	9.622789893378745e-111
chr9:41950000:41960000	chr9	41950000	41960000	11	15	4	(312.82393140071383, 2.9255460097283417e-20)	312.82393140071383	2.9255460097283417e-20	4.837396499123808e-18
chr9:42180000:42190000	chr9	42180000	42190000	57	61	4	(1620.9967354400626, 2.2781395830082296e-112)	1620.9967354400626	2.2781395830082296e-112	3.57102935915706e-109
chr9:61190000:61200000	chr9	61190000	61200000	26	26	0	(inf, 2.8784951391281093e-54)	inf	2.8784951391281093e-54	1.44618548092503e-51
chr9:65280000:65290000	chr9	65280000	65290000	10	63	53	(21.463048466601293, 2.1281696356582445e-10)	21.463048466601293	2.1281696356582445e-10	2.743378673755766e-08
chr9:65390000:65400000	chr9	65390000	65400000	13	13	0	(inf, 1.68430061429656e-27)	inf	1.68430061429656e-27	3.367570024135388e-25
chr9:65670000:65680000	chr9	65670000	65680000	25	25	0	(inf, 3.2957981964196933e-52)	inf	3.2957981964196933e-52	1.4511880867561228e-49
chr9:65680000:65690000	chr9	65680000	65690000	11	11	0	(inf, 2.21319675498007e-23)	inf	2.21319675498007e-23	3.854700197073733e-21
chr9:65730000:65740000	chr9	65730000	65740000	50	50	0	(inf, 1.1462851406524486e-103)	inf	1.1462851406524486e-103	1.5489869686857984e-100
chr9:66980000:66990000	chr9	66980000	66990000	8	33	25	(36.40133019935579, 3.813531325951636e-10)	36.40133019935579	3.813531325951636e-10	4.867904416983476e-08
chr9:66990000:67000000	chr9	66990000	67000000	5	32	27	(21.065584606108676, 8.326389601708115e-06)	21.065584606108676	8.326389601708115e-06	0.0009038630352125695
chr9:67050000:67060000	chr9	67050000	67060000	11	11	0	(inf, 2.21319675498007e-23)	inf	2.21319675498007e-23	3.854700197073733e-21
chr9:67170000:67180000	chr9	67170000	67180000	14	14	0	(inf, 1.4695201670168848e-29)	inf	1.4695201670168848e-29	3.079548465511106e-27
chr9:67190000:67200000	chr9	67190000	67200000	23	23	0	(inf, 4.321783573780402e-48)	inf	4.321783573780402e-48	1.5828229410215552e-45
chr9:67710000:67720000	chr9	67710000	67720000	14	14	0	(inf, 1.4695201670168848e-29)	inf	1.4695201670168848e-29	3.079548465511106e-27
chr9:67900000:67910000	chr9	67900000	67910000	20	26	6	(379.1805229099562, 1.4220153584051919e-36)	379.1805229099562	1.4220153584051919e-36	3.739995829878031e-34
chr9:68250000:68260000	chr9	68250000	68260000	11	13	2	(625.6478628014277, 1.698796493338152e-21)	625.6478628014277	1.698796493338152e-21	2.857186136520837e-19
chr9:133250000:133260000	chr9	133250000	133260000	10	84	74	(15.37218336121444, 3.8925966813339525e-09)	15.37218336121444	3.8925966813339525e-09	4.796952161890407e-07
chr9:133550000:133560000	chr9	133550000	133560000	28	36	8	(398.139549055454, 6.210583940207802e-51)	398.139549055454	6.210583940207802e-51	2.6169931553641215e-48
chr9:133560000:133570000	chr9	133560000	133570000	50	50	0	(inf, 1.1462851406524486e-103)	inf	1.1462851406524486e-103	1.5489869686857984e-100
chr9:133570000:133580000	chr9	133570000	133580000	32	52	20	(182.00665099677897, 1.3602469657006233e-52)	182.00665099677897	1.3602469657006233e-52	6.271218599044239e-50
chr9:136050000:136060000	chr9	136050000	136060000	11	11	0	(inf, 2.21319675498007e-23)	inf	2.21319675498007e-23	3.854700197073733e-21
chr9:137880000:137890000	chr9	137880000	137890000	4	12	8	(56.87707843649343, 2.7015610539644205e-06)	56.87707843649343	2.7015610539644205e-06	0.0003016204404067171
chr10:5150000:5160000	chr10	5150000	5160000	8	36	28	(32.50118767799624, 8.120237028831546e-10)	32.50118767799624	8.120237028831546e-10	1.0232020858065936e-07
chr10:17750000:17760000	chr10	17750000	17760000	15	15	0	(inf, 1.2822388317878286e-31)	inf	1.2822388317878286e-31	2.8550213261421266e-29
chr10:17770000:17780000	chr10	17770000	17780000	12	14	2	(682.5249412379211, 1.7286999502806214e-23)	682.5249412379211	1.7286999502806214e-23	3.0933467420820542e-21
chr10:17790000:17800000	chr10	17790000	17800000	25	25	0	(inf, 3.2957981964196933e-52)	inf	3.2957981964196933e-52	1.4511880867561228e-49
chr10:17820000:17830000	chr10	17820000	17830000	21	27	6	(398.139549055454, 1.5959343272924862e-38)	398.139549055454	1.5959343272924862e-38	4.5650711253969305e-36
chr10:17830000:17840000	chr10	17830000	17840000	14	15	1	(1592.558196221816, 2.186328905224342e-28)	1592.558196221816	2.186328905224342e-28	4.485751682614216e-26
chr10:17840000:17850000	chr10	17840000	17850000	44	44	0	(inf, 2.5541372479567277e-91)	inf	2.5541372479567277e-91	2.780320290914673e-88
chr10:17850000:17860000	chr10	17850000	17860000	18	18	0	(inf, 8.522629257459566e-38)	inf	8.522629257459566e-38	2.2875670913789414e-35
chr10:17860000:17870000	chr10	17860000	17870000	19	19	0	(inf, 7.439035966047183e-40)	inf	7.439035966047183e-40	2.2084919805867957e-37
chr10:17870000:17880000	chr10	17870000	17880000	43	44	1	(4891.428745538435, 1.273769731297804e-87)	4891.428745538435	1.273769731297804e-87	1.2174753226853255e-84
chr10:17880000:17890000	chr10	17880000	17890000	13	13	0	(inf, 1.68430061429656e-27)	inf	1.68430061429656e-27	3.367570024135388e-25
chr10:17890000:17900000	chr10	17890000	17900000	19	26	7	(308.7612829409643, 4.616323937857529e-34)	308.7612829409643	4.616323937857529e-34	1.1671258224307152e-31
chr10:17900000:17910000	chr10	17900000	17910000	23	25	2	(1308.1728040393489, 1.2749259762470623e-45)	1308.1728040393489	1.2749259762470623e-45	4.460874924747311e-43
chr10:17910000:17920000	chr10	17910000	17920000	15	15	0	(inf, 1.2822388317878286e-31)	inf	1.2822388317878286e-31	2.8550213261421266e-29
chr10:45700000:45710000	chr10	45700000	45710000	16	16	0	(inf, 1.118921779949154e-33)	inf	1.118921779949154e-33	2.723497311344562e-31
chr10:45710000:45720000	chr10	45710000	45720000	22	22	0	(inf, 4.94960244153802e-46)	inf	4.94960244153802e-46	1.7633183679908356e-43
chr10:45720000:45730000	chr10	45720000	45730000	26	43	17	(173.9769458057446, 1.0501930609815132e-42)	173.9769458057446	1.0501930609815132e-42	3.4877089554019953e-40
chr10:45740000:45750000	chr10	45740000	45750000	7	25	18	(44.23772767282822, 1.6022514042249883e-09)	44.23772767282822	1.6022514042249883e-09	1.993302477103773e-07
chr10:45750000:45760000	chr10	45750000	45760000	17	93	76	(25.445008774220742, 8.984672766448997e-18)	25.445008774220742	8.984672766448997e-18	1.4140215115325433e-15
chr10:45780000:45790000	chr10	45780000	45790000	21	47	26	(91.87835747433553, 5.724566393292646e-31)	91.87835747433553	5.724566393292646e-31	1.2674254679115945e-28
chr10:45790000:45800000	chr10	45790000	45800000	14	14	0	(inf, 1.4695201670168848e-29)	inf	1.4695201670168848e-29	3.079548465511106e-27
chr10:45820000:45830000	chr10	45820000	45830000	48	55	7	(780.0285042719098, 2.8595361145524377e-91)	780.0285042719098	2.8595361145524377e-91	3.028635169110295e-88
chr10:45970000:45980000	chr10	45970000	45980000	18	24	6	(341.26247061896055, 1.0913647761957008e-32)	341.26247061896055	1.0913647761957008e-32	2.607829442046166e-30
chr10:45980000:45990000	chr10	45980000	45990000	25	25	0	(inf, 3.2957981964196933e-52)	inf	3.2957981964196933e-52	1.4511880867561228e-49
chr10:46130000:46140000	chr10	46130000	46140000	14	56	42	(37.91805229099562, 6.052275162114588e-17)	37.91805229099562	6.052275162114588e-17	9.337659805234114e-15
chr10:46350000:46360000	chr10	46350000	46360000	28	28	0	(inf, 2.196278724591575e-58)	inf	2.196278724591575e-58	1.16307798188236e-55
chr10:46360000:46370000	chr10	46360000	46370000	14	14	0	(inf, 1.4695201670168848e-29)	inf	1.4695201670168848e-29	3.079548465511106e-27
chr10:46380000:46390000	chr10	46380000	46390000	17	31	14	(138.13004763148405, 2.3061937196258993e-27)	138.13004763148405	2.3061937196258993e-27	4.564399973974734e-25
chr10:46460000:46470000	chr10	46460000	46470000	10	19	9	(126.39350763665206, 2.1819049669779436e-16)	126.39350763665206	2.1819049669779436e-16	3.3013317315031526e-14
chr10:46580000:46590000	chr10	46580000	46590000	16	27	11	(165.4605918152536, 1.3323310845513042e-26)	165.4605918152536	1.3323310845513042e-26	2.5975816189749506e-24
chr10:46830000:46840000	chr10	46830000	46840000	23	23	0	(inf, 4.321783573780402e-48)	inf	4.321783573780402e-48	1.5828229410215552e-45
chr10:46870000:46880000	chr10	46870000	46880000	21	21	0	(inf, 5.669111781706095e-44)	inf	5.669111781706095e-44	1.9487820394868285e-41
chr10:46880000:46890000	chr10	46880000	46890000	26	27	1	(2957.608078697658, 7.706566461354055e-53)	2957.608078697658	7.706566461354055e-53	3.6386135721390687e-50
chr10:46940000:46950000	chr10	46940000	46950000	9	15	6	(170.63123530948027, 1.3888119986748464e-15)	170.63123530948027	1.3888119986748464e-15	2.061544113790526e-13
chr10:46980000:46990000	chr10	46980000	46990000	12	12	0	(inf, 1.9306391022026273e-25)	inf	1.9306391022026273e-25	3.5520133867190874e-23
chr10:47460000:47470000	chr10	47460000	47470000	17	17	0	(inf, 9.764903400429383e-36)	inf	9.764903400429383e-36	2.5175462793159647e-33
chr10:47470000:47480000	chr10	47470000	47480000	55	55	0	(inf, 5.8933080902595146e-114)	inf	5.8933080902595146e-114	9.622789893378745e-111
chr10:47490000:47500000	chr10	47490000	47500000	16	16	0	(inf, 1.118921779949154e-33)	inf	1.118921779949154e-33	2.723497311344562e-31
chr10:47500000:47510000	chr10	47500000	47510000	10	13	3	(379.1805229099562, 7.085501747666372e-19)	379.1805229099562	7.085501747666372e-19	1.1426610801956782e-16
chr10:47990000:48000000	chr10	47990000	48000000	10	22	12	(94.79513072748905, 1.4913116081812028e-15)	94.79513072748905	1.4913116081812028e-15	2.2053403509964142e-13
chr10:48010000:48020000	chr10	48010000	48020000	11	11	0	(inf, 2.21319675498007e-23)	inf	2.21319675498007e-23	3.854700197073733e-21
chr10:48170000:48180000	chr10	48170000	48180000	10	40	30	(37.91805229099562, 1.6942436341883981e-12)	37.91805229099562	1.6942436341883981e-12	2.3797139618844065e-10
chr10:49930000:49940000	chr10	49930000	49940000	27	27	0	(inf, 2.5142460874110864e-56)	inf	2.5142460874110864e-56	1.2964246799140219e-53
chr10:49950000:49960000	chr10	49950000	49960000	25	25	0	(inf, 3.2957981964196933e-52)	inf	3.2957981964196933e-52	1.4511880867561228e-49
chr10:50080000:50090000	chr10	50080000	50090000	13	13	0	(inf, 1.68430061429656e-27)	inf	1.68430061429656e-27	3.367570024135388e-25
chr10:50090000:50100000	chr10	50090000	50100000	90	110	20	(511.89370592844085, 2.19275814169476e-164)	511.89370592844085	2.19275814169476e-164	1.0741225757091782e-160
chr10:50100000:50110000	chr10	50100000	50110000	15	22	7	(243.75890758497184, 2.0645959735187043e-26)	243.75890758497184	2.0645959735187043e-26	4.005316188626286e-24
chr10:50110000:50120000	chr10	50110000	50120000	21	24	3	(796.279098110908, 1.1189792619570765e-40)	796.279098110908	1.1189792619570765e-40	3.508044745405913e-38
chr10:50120000:50130000	chr10	50120000	50130000	39	43	4	(1109.1030295116218, 5.952600271924087e-76)	1109.1030295116218	5.952600271924087e-76	4.4013301784181345e-73
chr10:50130000:50140000	chr10	50130000	50140000	27	32	5	(614.272447114129, 4.8534141554993824e-51)	614.272447114129	4.8534141554993824e-51	2.067343412235976e-48
chr10:50180000:50190000	chr10	50180000	50190000	12	14	2	(682.5249412379211, 1.7286999502806214e-23)	682.5249412379211	1.7286999502806214e-23	3.0933467420820542e-21
chr10:50190000:50200000	chr10	50190000	50200000	18	18	0	(inf, 8.522629257459566e-38)	inf	8.522629257459566e-38	2.2875670913789414e-35
chr10:50200000:50210000	chr10	50200000	50210000	28	28	0	(inf, 2.196278724591575e-58)	inf	2.196278724591575e-58	1.16307798188236e-55
chr10:50210000:50220000	chr10	50210000	50220000	26	27	1	(2957.608078697658, 7.706566461354055e-53)	2957.608078697658	7.706566461354055e-53	3.6386135721390687e-50
chr10:50230000:50240000	chr10	50230000	50240000	15	17	2	(853.1561765474014, 1.7154294852002104e-29)	853.1561765474014	1.7154294852002104e-29	3.575758014150311e-27
chr10:50740000:50750000	chr10	50740000	50750000	5	21	16	(35.54817402280839, 9.113228905079579e-07)	35.54817402280839	9.113228905079579e-07	0.00010411930447004623
chr10:133620000:133630000	chr10	133620000	133630000	24	35	11	(248.1908877228804, 1.4353149516297877e-41)	248.1908877228804	1.4353149516297877e-41	4.572936774347002e-39
chr11:180000:190000	chr11	180000	190000	10	19	9	(126.39350763665206, 2.1819049669779436e-16)	126.39350763665206	2.1819049669779436e-16	3.3013317315031526e-14
chr11:190000:200000	chr11	190000	200000	11	55	44	(28.438539218246714, 1.860891521613771e-12)	28.438539218246714	1.860891521613771e-12	2.576841588303903e-10
chr11:1010000:1020000	chr11	1010000	1020000	17	121	104	(18.59442948885362, 9.133959952536152e-16)	18.59442948885362	9.133959952536152e-16	1.3661893993129266e-13
chr11:1080000:1090000	chr11	1080000	1090000	11	214	203	(6.164018352723426, 3.6434836794198286e-06)	6.164018352723426	3.6434836794198286e-06	0.00040219954487071615
chr11:1090000:1100000	chr11	1090000	1100000	18	134	116	(17.65150710098072, 2.988169144554995e-16)	17.65150710098072	2.988169144554995e-16	4.503860478339275e-14
chr11:1620000:1630000	chr11	1620000	1630000	12	57	45	(30.334441832796493, 9.494037870283043e-14)	30.334441832796493	9.494037870283043e-14	1.3728869227330328e-11
chr11:1630000:1640000	chr11	1630000	1640000	9	29	20	(51.189370592844085, 2.4889972280677738e-12)	51.189370592844085	2.4889972280677738e-12	3.422414855211225e-10
chr11:56700000:56710000	chr11	56700000	56710000	28	41	13	(245.00895326489476, 3.46636836888837e-48)	245.00895326489476	3.46636836888837e-48	1.3061542657692061e-45
chr11:71560000:71570000	chr11	71560000	71570000	7	42	35	(22.75083137459737, 7.89778879096487e-08)	22.75083137459737	7.89778879096487e-08	9.294250664874814e-06
chr11:124220000:124230000	chr11	124220000	124230000	5	28	23	(24.729164537605836, 4.18326640272658e-06)	24.729164537605836	4.18326640272658e-06	0.0004579157647766738
chr12:6010000:6020000	chr12	6010000	6020000	8	86	78	(11.667093012614036, 9.669015487890348e-07)	11.667093012614036	9.669015487890348e-07	0.00011014807527309505
chr12:11180000:11190000	chr12	11180000	11190000	11	25	14	(89.37826611448968, 8.816690385460633e-17)	89.37826611448968	8.816690385460633e-17	1.349642432911841e-14
chr12:11260000:11270000	chr12	11260000	11270000	12	72	60	(22.75083137459737, 1.8272825735271263e-12)	22.75083137459737	1.8272825735271263e-12	2.5483113698000365e-10
chr12:11350000:11360000	chr12	11350000	11360000	9	63	54	(18.95902614549781, 4.50314182905691e-09)	18.95902614549781	4.50314182905691e-09	5.514660062408817e-07
chr12:132920000:132930000	chr12	132920000	132930000	7	12	5	(159.2558196221816, 2.9158623408281885e-12)	159.2558196221816	2.9158623408281885e-12	3.9953431263068197e-10
chr12:132980000:132990000	chr12	132980000	132990000	13	13	0	(inf, 1.68430061429656e-27)	inf	1.68430061429656e-27	3.367570024135388e-25
chr12:133000000:133010000	chr12	133000000	133010000	15	15	0	(inf, 1.2822388317878286e-31)	inf	1.2822388317878286e-31	2.8550213261421266e-29
chr12:133010000:133020000	chr12	133010000	133020000	19	19	0	(inf, 7.439035966047183e-40)	inf	7.439035966047183e-40	2.2084919805867957e-37
chr12:133040000:133050000	chr12	133040000	133050000	19	19	0	(inf, 7.439035966047183e-40)	inf	7.439035966047183e-40	2.2084919805867957e-37
chr12:133050000:133060000	chr12	133050000	133060000	30	30	0	(inf, 1.6763277866101908e-62)	inf	1.6763277866101908e-62	9.520570043721762e-60
chr12:133080000:133090000	chr12	133080000	133090000	14	14	0	(inf, 1.4695201670168848e-29)	inf	1.4695201670168848e-29	3.079548465511106e-27
chr12:133100000:133110000	chr12	133100000	133110000	7	23	16	(49.76744363193175, 8.297364094313073e-10)	49.76744363193175	8.297364094313073e-10	1.0421702055382714e-07
chr13:113670000:113680000	chr13	113670000	113680000	5	21	16	(35.54817402280839, 9.113228905079579e-07)	35.54817402280839	9.113228905079579e-07	0.00010411930447004623
chr14:18960000:18970000	chr14	18960000	18970000	25	28	3	(947.9513072748905, 1.0527298601016e-48)	947.9513072748905	1.0527298601016e-48	4.0445468389864214e-46
chr14:19410000:19420000	chr14	19410000	19420000	19	19	0	(inf, 7.439035966047183e-40)	inf	7.439035966047183e-40	2.2084919805867957e-37
chr14:19420000:19430000	chr14	19420000	19430000	12	12	0	(inf, 1.9306391022026273e-25)	inf	1.9306391022026273e-25	3.5520133867190874e-23
chr14:19430000:19440000	chr14	19430000	19440000	18	20	2	(1023.7874118568817, 1.5926300663618048e-35)	1023.7874118568817	1.5926300663618048e-35	4.079214839254014e-33
chr14:21630000:21640000	chr14	21630000	21640000	7	35	28	(28.438539218246714, 2.0765695737830132e-08)	28.438539218246714	2.0765695737830132e-08	2.488581298391704e-06
chr14:105890000:105900000	chr14	105890000	105900000	13	79	66	(22.406121808315593, 2.6005648549103224e-13)	22.406121808315593	2.6005648549103224e-13	3.719377209278311e-11
chr14:106000000:106010000	chr14	106000000	106010000	10	23	13	(87.50319759460527, 2.6175693498249614e-15)	87.50319759460527	2.6175693498249614e-15	3.841846729623243e-13
chr14:106010000:106020000	chr14	106010000	106020000	39	60	21	(211.25771990697558, 3.329594583328903e-65)	211.25771990697558	3.329594583328903e-65	2.00738696202297e-62
chr14:106110000:106120000	chr14	106110000	106120000	12	24	12	(113.75415687298685, 4.738119734540898e-19)	113.75415687298685	4.738119734540898e-19	7.704457931833556e-17
chr14:106210000:106220000	chr14	106210000	106220000	9	28	19	(53.883547992467456, 1.7301095023398592e-12)	53.883547992467456	1.7301095023398592e-12	2.4214118277748e-10
chr14:106230000:106240000	chr14	106230000	106240000	7	21	14	(56.87707843649343, 3.996150700754787e-10)	56.87707843649343	3.996150700754787e-10	5.0679985003617664e-08
chr14:106260000:106270000	chr14	106260000	106270000	7	41	34	(23.419973473850234, 6.631877871169516e-08)	23.419973473850234	6.631877871169516e-08	7.828012952270814e-06
chr14:106320000:106330000	chr14	106320000	106330000	5	42	37	(15.37218336121444, 3.271555733267799e-05)	15.37218336121444	3.271555733267799e-05	0.0034556799481212535
chr14:106330000:106340000	chr14	106330000	106340000	17	35	18	(107.43448149115426, 3.817694352147371e-26)	107.43448149115426	3.817694352147371e-26	7.333715993723096e-24
chr14:106340000:106350000	chr14	106340000	106350000	48	48	0	(inf, 1.4966740634936968e-99)	inf	1.4966740634936968e-99	1.8328644750059684e-96
chr14:106410000:106420000	chr14	106410000	106420000	5	21	16	(35.54817402280839, 9.113228905079579e-07)	35.54817402280839	9.113228905079579e-07	0.00010411930447004623
chr14:106420000:106430000	chr14	106420000	106430000	4	22	18	(25.278701527330412, 3.723411702969124e-05)	25.278701527330412	3.723411702969124e-05	0.003901418658180589
chr14:106470000:106480000	chr14	106470000	106480000	29	35	6	(549.8117582194365, 2.9598223682168953e-54)	549.8117582194365	2.9598223682168953e-54	1.4682217590592872e-51
chr14:106530000:106540000	chr14	106530000	106540000	12	23	11	(124.0954438614402, 2.388282216582931e-19)	124.0954438614402	2.388282216582931e-19	3.899666812643829e-17
chr14:106590000:106600000	chr14	106590000	106600000	17	38	21	(92.08669842098936, 2.362149981502887e-25)	92.08669842098936	2.362149981502887e-25	4.325604367996969e-23
chr14:106630000:106640000	chr14	106630000	106640000	40	55	15	(303.34441832796495, 4.56750050278995e-70)	303.34441832796495	4.56750050278995e-70	3.08605533971263e-67
chr14:106650000:106660000	chr14	106650000	106660000	4	17	13	(35.00127903784211, 1.2543933186388022e-05)	35.00127903784211	1.2543933186388022e-05	0.0013467716539949967
chr14:106670000:106680000	chr14	106670000	106680000	12	29	17	(80.29705191034367, 8.732974677403092e-18)	80.29705191034367	8.732974677403092e-18	1.379950853459969e-15
chr14:106770000:106780000	chr14	106770000	106780000	8	18	10	(91.00332549838949, 1.3504425650171388e-12)	91.00332549838949	1.3504425650171388e-12	1.903638245967325e-10
chr15:20530000:20540000	chr15	20530000	20540000	51	76	25	(232.05848002089317, 6.338069343487386e-86)	232.05848002089317	6.338069343487386e-86	5.7761921263391556e-83
chr15:22120000:22130000	chr15	22120000	22130000	9	11	2	(511.89370592844085, 1.575027616497182e-17)	511.89370592844085	1.575027616497182e-17	2.4590510850713775e-15
chr15:22460000:22470000	chr15	22460000	22470000	34	34	0	(inf, 9.775757749430808e-71)	inf	9.775757749430808e-71	6.840935619369545e-68
chr15:23160000:23170000	chr15	23160000	23170000	33	33	0	(inf, 1.1185270791332401e-68)	inf	1.1185270791332401e-68	7.185711340503837e-66
chr15:78750000:78760000	chr15	78750000	78760000	6	19	13	(52.501918556763165, 1.0798009865786784e-08)	52.501918556763165	1.0798009865786784e-08	1.3141379211815294e-06
chr15:78760000:78770000	chr15	78760000	78770000	10	160	150	(7.583610458199123, 1.7591734760847503e-06)	7.583610458199123	1.7591734760847503e-06	0.00019867000052106395
chr15:82530000:82540000	chr15	82530000	82540000	15	15	0	(inf, 1.2822388317878286e-31)	inf	1.2822388317878286e-31	2.8550213261421266e-29
chr15:82540000:82550000	chr15	82540000	82550000	14	28	14	(113.75415687298685, 5.2576716363644815e-22)	113.75415687298685	5.2576716363644815e-22	8.919378185534688e-20
chr16:10000:20000	chr16	10000	20000	7	53	46	(17.310415176324085, 4.1496184923166493e-07)	17.310415176324085	4.1496184923166493e-07	4.811102055529729e-05
chr16:1240000:1250000	chr16	1240000	1250000	20	75	55	(41.3651479538134, 3.2959696159872814e-24)	41.3651479538134	3.2959696159872814e-24	5.9797433940421105e-22
chr16:70880000:70890000	chr16	70880000	70890000	5	29	24	(23.698782681872263, 5.0182339541276544e-06)	23.698782681872263	5.0182339541276544e-06	0.0005462626449843182
chr16:70890000:70900000	chr16	70890000	70900000	4	22	18	(25.278701527330412, 3.723411702969124e-05)	25.278701527330412	3.723411702969124e-05	0.003901418658180589
chr16:70900000:70910000	chr16	70900000	70910000	5	21	16	(35.54817402280839, 9.113228905079579e-07)	35.54817402280839	9.113228905079579e-07	0.00010411930447004623
chr16:70960000:70970000	chr16	70960000	70970000	11	19	8	(156.41196570035692, 1.5687369440878386e-18)	156.41196570035692	1.5687369440878386e-18	2.5092107495883354e-16
chr16:70970000:70980000	chr16	70970000	70980000	19	36	17	(127.13699885804414, 5.551596978746192e-30)	127.13699885804414	5.551596978746192e-30	1.2222246202421672e-27
chr17:210000:220000	chr17	210000	220000	12	41	29	(47.07068560261525, 1.2063988743819609e-15)	47.07068560261525	1.2063988743819609e-15	1.7975801935087558e-13
chr17:21290000:21300000	chr17	21290000	21300000	14	22	8	(199.069774527727, 4.401558758011733e-24)	199.069774527727	4.401558758011733e-24	7.948768875989115e-22
chr17:21300000:21310000	chr17	21300000	21310000	40	56	16	(284.3853921824671, 1.5849871966835977e-69)	284.3853921824671	1.5849871966835977e-69	1.0527538688752006e-66
chr17:21410000:21420000	chr17	21410000	21420000	49	122	73	(76.3555299558405, 2.5366456418180637e-67)	76.3555299558405	2.5366456418180637e-67	1.6033237001865527e-64
chr17:36190000:36200000	chr17	36190000	36200000	30	30	0	(inf, 1.6763277866101908e-62)	inf	1.6763277866101908e-62	9.520570043721762e-60
chr17:36210000:36220000	chr17	36210000	36220000	36	36	0	(inf, 7.46913619203484e-75)	inf	7.46913619203484e-75	5.420379798027062e-72
chr17:41230000:41240000	chr17	41230000	41240000	7	71	64	(12.441860907982937, 3.122049910817705e-06)	12.441860907982937	3.122049910817705e-06	0.0003475763974577393
chr17:74890000:74900000	chr17	74890000	74900000	7	21	14	(56.87707843649343, 3.996150700754787e-10)	56.87707843649343	3.996150700754787e-10	5.0679985003617664e-08
chr17:82580000:82590000	chr17	82580000	82590000	10	104	94	(12.10150605031775, 3.141117507043431e-08)	12.10150605031775	3.141117507043431e-08	3.741462397143404e-06
chr18:14540000:14550000	chr18	14540000	14550000	6	20	14	(48.75178151699436, 1.5310676143805392e-08)	48.75178151699436	1.5310676143805392e-08	1.8518357306279189e-06
chr19:870000:880000	chr19	870000	880000	18	125	107	(19.136213305736106, 8.413466955549673e-17)	19.136213305736106	8.413466955549673e-17	1.2929684041336493e-14
chr19:3930000:3940000	chr19	3930000	3940000	7	53	46	(17.310415176324085, 4.1496184923166493e-07)	17.310415176324085	4.1496184923166493e-07	4.811102055529729e-05
chr19:8690000:8700000	chr19	8690000	8700000	5	33	28	(20.313242298747653, 9.74235663817063e-06)	20.313242298747653	9.74235663817063e-06	0.001054650474963068
chr19:15670000:15680000	chr19	15670000	15680000	41	41	0	(inf, 3.817015772401578e-85)	inf	3.817015772401578e-85	3.251765523671153e-82
chr19:15680000:15690000	chr19	15680000	15690000	10	70	60	(18.95902614549781, 6.249073407744105e-10)	18.95902614549781	6.249073407744105e-10	7.899635119441161e-08
chr19:20390000:20400000	chr19	20390000	20400000	58	58	0	(inf, 3.9577341342543776e-120)	inf	3.9577341342543776e-120	7.049803875143662e-117
chr19:38500000:38510000	chr19	38500000	38510000	10	146	136	(8.364276240660798, 7.643914964065334e-07)	8.364276240660798	7.643914964065334e-07	8.836275504772633e-05
chr19:39870000:39880000	chr19	39870000	39880000	13	168	155	(9.540671221605349, 4.061006788572736e-09)	9.540671221605349	4.061006788572736e-09	4.988800439830357e-07
chr19:39880000:39890000	chr19	39880000	39890000	49	60	11	(506.72306243421417, 4.08278084004278e-90)	506.72306243421417	4.08278084004278e-90	4.210421462094644e-87
chr19:39890000:39900000	chr19	39890000	39900000	107	122	15	(811.4463190273062, 3.572709217494685e-202)	811.4463190273062	3.572709217494685e-202	4.666910960506057e-198
chr19:39900000:39910000	chr19	39900000	39910000	26	46	20	(147.8804039348829, 1.3634321579994457e-41)	147.8804039348829	1.3634321579994457e-41	4.379522902269039e-39
chr19:42370000:42380000	chr19	42370000	42380000	9	62	53	(19.316743619941164, 3.890238267586254e-09)	19.316743619941164	3.890238267586254e-09	4.796952161890407e-07
chr19:43360000:43370000	chr19	43360000	43370000	5	50	45	(12.639350763665206, 7.690643454973785e-05)	12.639350763665206	7.690643454973785e-05	0.00786895393507866
chr19:44790000:44800000	chr19	44790000	44800000	5	40	35	(16.25059383899812, 2.5675018871488354e-05)	16.25059383899812	2.5675018871488354e-05	0.0027267009201514514
chr19:54160000:54170000	chr19	54160000	54170000	11	99	88	(14.219269609123357, 1.3788591709088072e-09)	14.219269609123357	1.3788591709088072e-09	1.7263493031812887e-07
chr19:54210000:54220000	chr19	54210000	54220000	12	83	71	(19.226054682758342, 1.0542092023324709e-11)	19.226054682758342	1.0542092023324709e-11	1.4004186515594871e-09
chr19:54220000:54230000	chr19	54220000	54230000	97	101	4	(2758.538304169931, 9.459849640310025e-194)	2758.538304169931	9.459849640310025e-194	7.414251754089385e-190
chr19:54230000:54240000	chr19	54230000	54240000	4	25	21	(21.667458451997497, 6.305945643296188e-05)	21.667458451997497	6.305945643296188e-05	0.0065374972981346825
chr19:54240000:54250000	chr19	54240000	54250000	80	92	12	(758.3610458199124, 7.145060027006128e-151)	758.3610458199124	7.145060027006128e-151	2.8000061233831616e-147
chr19:54250000:54260000	chr19	54250000	54260000	18	168	150	(13.650498824758422, 1.6976956037064822e-14)	13.650498824758422	1.6976956037064822e-14	2.4640479747425786e-12
chr19:54270000:54280000	chr19	54270000	54280000	19	175	156	(13.854672952479168, 2.5164224972638225e-15)	13.854672952479168	2.5164224972638225e-15	3.7072768730366416e-13
chr19:54330000:54340000	chr19	54330000	54340000	7	112	105	(7.583610458199123, 6.234094478651817e-05)	7.583610458199123	6.234094478651817e-05	0.006480151045872876
chr19:54500000:54510000	chr19	54500000	54510000	11	55	44	(28.438539218246714, 1.860891521613771e-12)	28.438539218246714	1.860891521613771e-12	2.576841588303903e-10
chr19:54530000:54540000	chr19	54530000	54540000	8	68	60	(15.167220916398247, 1.5480381699484494e-07)	15.167220916398247	1.5480381699484494e-07	1.8108811881773087e-05
chr19:54570000:54580000	chr19	54570000	54580000	9	101	92	(11.128124041922627, 2.950517896430684e-07)	11.128124041922627	2.950517896430684e-07	3.4412171227775484e-05
chr19:54590000:54600000	chr19	54590000	54600000	13	133	120	(12.323366994573576, 2.2715226864945753e-10)	12.323366994573576	2.2715226864945753e-10	2.9185715094540794e-08
chr19:54630000:54640000	chr19	54630000	54640000	34	276	242	(15.981988982155178, 4.9517929385056805e-28)	15.981988982155178	4.9517929385056805e-28	1.0106815712195865e-25
chr19:54660000:54670000	chr19	54660000	54670000	14	142	128	(12.441860907982937, 4.147446589415262e-11)	12.441860907982937	4.147446589415262e-11	5.417671231533509e-09
chr19:54720000:54730000	chr19	54720000	54730000	44	44	0	(inf, 2.5541372479567277e-91)	inf	2.5541372479567277e-91	2.780320290914673e-88
chr19:54730000:54740000	chr19	54730000	54740000	68	71	3	(2578.427555787702, 5.878198315088505e-136)	2578.427555787702	5.878198315088505e-136	1.5356989038112556e-132
chr19:54740000:54750000	chr19	54740000	54750000	37	44	7	(601.2719720429305, 2.35683235357083e-69)	601.2719720429305	2.35683235357083e-69	1.5393257711955615e-66
chr19:54750000:54760000	chr19	54750000	54760000	7	35	28	(28.438539218246714, 2.0765695737830132e-08)	28.438539218246714	2.0765695737830132e-08	2.488581298391704e-06
chr19:54770000:54780000	chr19	54770000	54780000	48	63	15	(364.01330199355795, 1.6064664675266725e-85)	364.01330199355795	1.6064664675266725e-85	1.43077745294171e-82
chr19:54780000:54790000	chr19	54780000	54790000	99	114	15	(750.7774353617133, 3.387735356913303e-186)	750.7774353617133	3.387735356913303e-186	2.2126428861119756e-182
chr19:54790000:54800000	chr19	54790000	54800000	27	31	4	(767.8405588926613, 7.647877465272657e-52)	767.8405588926613	7.647877465272657e-52	3.330055801212276e-49
chr19:54800000:54810000	chr19	54800000	54810000	42	46	4	(1194.418647166362, 5.263834640633466e-82)	1194.418647166362	5.263834640633466e-82	4.209778610145802e-79
chr19:54810000:54820000	chr19	54810000	54820000	79	92	13	(691.2752609973817, 4.967808628742181e-148)	691.2752609973817	4.967808628742181e-148	1.7698044049377144e-144
chr19:54820000:54830000	chr19	54820000	54830000	25	43	18	(157.99188454581508, 1.7226689574185925e-40)	157.99188454581508	1.7226689574185925e-40	5.315586701048804e-38
chr19:54830000:54840000	chr19	54830000	54840000	10	41	31	(36.694889313866724, 2.2230418582132767e-12)	36.694889313866724	2.2230418582132767e-12	3.0674846598472495e-10
chr19:54840000:54850000	chr19	54840000	54850000	43	43	0	(inf, 2.9198921025550263e-89)	inf	2.9198921025550263e-89	2.860618292873159e-86
chr19:54850000:54860000	chr19	54850000	54860000	70	79	9	(884.7545534565644, 1.544142735480213e-133)	884.7545534565644	1.544142735480213e-133	3.5595215010587404e-130
chr20:1910000:1920000	chr20	1910000	1920000	4	13	9	(50.557403054660824, 3.875103030092722e-06)	50.557403054660824	3.875103030092722e-06	0.0004253712536226151
chr20:25770000:25780000	chr20	25770000	25780000	15	33	18	(94.79513072748905, 1.1471400629982742e-22)	94.79513072748905	1.1471400629982742e-22	1.9803579202104127e-20
chr20:26080000:26090000	chr20	26080000	26090000	13	14	1	(1478.804039348829, 2.33891709044566e-26)	1478.804039348829	2.33891709044566e-26	4.515146942876085e-24
chr20:30390000:30400000	chr20	30390000	30400000	10	43	33	(34.47095662817784, 3.741979679104124e-12)	34.47095662817784	3.741979679104124e-12	5.091690960580986e-10
chr21:43160000:43170000	chr21	43160000	43170000	4	22	18	(25.278701527330412, 3.723411702969124e-05)	25.278701527330412	3.723411702969124e-05	0.003901418658180589
chr21:44570000:44580000	chr21	44570000	44580000	18	101	83	(24.669576189322452, 1.5974954589381752e-18)	24.669576189322452	1.5974954589381752e-18	2.544823253856472e-16
chr21:44590000:44600000	chr21	44590000	44600000	29	71	42	(78.54453688849092, 9.19979754953981e-41)	78.54453688849092	9.19979754953981e-41	2.9074327933174685e-38
chr21:44600000:44610000	chr21	44600000	44610000	36	84	48	(85.31561765474014, 3.557688519347103e-51)	85.31561765474014	3.557688519347103e-51	1.53207360105686e-48
chr21:44630000:44640000	chr21	44630000	44640000	14	79	65	(24.500895326489477, 1.0752802916573518e-14)	24.500895326489477	1.0752802916573518e-14	1.57231656975628e-12
chr22:15520000:15530000	chr22	15520000	15530000	30	30	0	(inf, 1.6763277866101908e-62)	inf	1.6763277866101908e-62	9.520570043721762e-60
chr22:15690000:15700000	chr22	15690000	15700000	55	61	6	(1042.7464380023796, 3.1070213215980533e-106)	1042.7464380023796	3.1070213215980533e-106	4.509553761140167e-103
chr22:15700000:15710000	chr22	15700000	15710000	13	15	2	(739.4020196744145, 1.7399766823341585e-25)	739.4020196744145	1.7399766823341585e-25	3.294019624507778e-23
chr22:16780000:16790000	chr22	16780000	16790000	15	15	0	(inf, 1.2822388317878286e-31)	inf	1.2822388317878286e-31	2.8550213261421266e-29
chr22:21200000:21210000	chr22	21200000	21210000	10	33	23	(49.45832907521167, 1.9558770688719245e-13)	49.45832907521167	1.9558770688719245e-13	2.8179011240791537e-11
chr22:21210000:21220000	chr22	21210000	21220000	16	25	9	(202.2296122186433, 2.122411117350056e-27)	202.2296122186433	2.122411117350056e-27	4.221982074452487e-25
chr22:21220000:21230000	chr22	21220000	21230000	8	17	9	(101.11480610932165, 7.561019924993439e-13)	101.11480610932165	7.561019924993439e-13	1.0696795986304798e-10
chr22:22350000:22360000	chr22	22350000	22360000	16	50	34	(53.53136794022911, 4.162610885443049e-21)	53.53136794022911	4.162610885443049e-21	6.941463633137967e-19
chr22:22420000:22430000	chr22	22420000	22430000	12	30	18	(75.83610458199124, 1.4437845583520467e-17)	75.83610458199124	1.4437845583520467e-17	2.2631611709080003e-15
chr22:22510000:22520000	chr22	22510000	22520000	11	48	37	(33.81880339467177, 3.7167356528967167e-13)	33.81880339467177	3.7167356528967167e-13	5.296415882389692e-11
chr22:22640000:22650000	chr22	22640000	22650000	11	138	127	(9.852722248841381, 4.6103694751190424e-08)	9.852722248841381	4.6103694751190424e-08	5.4748836057868195e-06
chr22:22680000:22690000	chr22	22680000	22690000	4	19	15	(30.334441832796493, 2.0145858640377818e-05)	30.334441832796493	2.0145858640377818e-05	0.0021453149684758856
chr22:22890000:22900000	chr22	22890000	22900000	6	39	33	(20.6825739769067, 1.1181578661936936e-06)	20.6825739769067	1.1181578661936936e-06	0.00012700976945043032
chr22:22900000:22910000	chr22	22900000	22910000	26	53	27	(109.54103995176511, 2.230791435554722e-39)	109.54103995176511	2.230791435554722e-39	6.523899610187944e-37
chr22:23950000:23960000	chr22	23950000	23960000	23	38	15	(174.42304053857984, 5.894544020029764e-38)	174.42304053857984	5.894544020029764e-38	1.6618373457332834e-35
chr22:23960000:23970000	chr22	23960000	23970000	12	16	4	(341.26247061896055, 3.401946186771281e-22)	341.26247061896055	3.401946186771281e-22	5.847169612596182e-20
chr22:24040000:24050000	chr22	24040000	24050000	5	13	8	(71.09634804561678, 6.109160999072931e-08)	71.09634804561678	6.109160999072931e-08	7.232803662588217e-06
chr22:25020000:25030000	chr22	25020000	25030000	40	40	0	(inf, 4.364741646024514e-83)	inf	4.364741646024514e-83	3.563447825508514e-80
chr22:25030000:25040000	chr22	25030000	25040000	38	38	0	(inf, 5.708733344793923e-79)	inf	5.708733344793923e-79	4.386545927760475e-76
chr22:25040000:25050000	chr22	25040000	25050000	49	49	0	(inf, 1.3097586928516334e-101)	inf	1.3097586928516334e-101	1.7108941218489937e-98
chr22:27850000:27860000	chr22	27850000	27860000	12	12	0	(inf, 1.9306391022026273e-25)	inf	1.9306391022026273e-25	3.5520133867190874e-23
chr22:42120000:42130000	chr22	42120000	42130000	21	152	131	(18.23539919337957, 5.746083886647629e-19)	18.23539919337957	5.746083886647629e-19	9.304856832642449e-17
chr22:42130000:42140000	chr22	42130000	42140000	5	25	20	(28.438539218246714, 2.311258055527931e-06)	28.438539218246714	2.311258055527931e-06	0.0002595231538109701
